-- КЛИЕНТЫ
INSERT OR IGNORE INTO clients(id,name,bin,status,manager) VALUES
  ('cl01','ТОО «Гранат»','041200045678','active','А.Муратов'),
  ('cl02','ТОО «Aurora»','041500012345','active','А.Муратов'),
  ('cl03','ТОО «КомпИнвестСтр»','041800067890','active','Б.Ержанов'),
  ('cl04','ТОО «PolAtyrau»','041000098765','active','А.Муратов'),
  ('cl05','ТОО «МонтСтройСп»','041700034521','active','Б.Ержанов'),
  ('cl06','ТОО «KeyPartGr»','041300056789','active','А.Муратов'),
  ('cl07','ТОО «Контроль-Сервис ЛТД»','050740011234','active','А.Муратов'),
  ('cl08','ТОО «АлматыТехСерв»','061200023456','active','Б.Ержанов'),
  ('cl09','ТОО «КазМет»','070340034567','active','А.Муратов'),
  ('cl10','ТОО «НурСтрой»','080450045678','active','Б.Ержанов'),
  ('cl11','ТОО «ТехноПром»','090560056789','active','А.Муратов'),
  ('cl12','АО «СтройИнвест»','100670067890','active','Б.Ержанов'),
  ('cl13','ТОО «МегаТрейд»','110780078901','active','А.Муратов'),
  ('cl14','ТОО «ЭнергоСистемы»','120890089012','active','Б.Ержанов'),
  ('cl15','ТОО «АстанаМет»','130900090123','active','А.Муратов'),
  ('cl16','ТОО «КазГазСервис»','141010101234','active','Б.Ержанов'),
  ('cl17','ТОО «ЮжнефтеСтрой»','151120112345','active','А.Муратов'),
  ('cl18','ТОО «АтырауСервис»','161230123456','active','Б.Ержанов'),
  ('cl19','ТОО «КарагандаМонтаж»','171340134567','active','А.Муратов'),
  ('cl20','ТОО «КаспийСервис»','181450145678','active','Б.Ержанов'),
  ('cl21','ТОО «Евразия Транс»','191560156789','active','А.Муратов'),
  ('cl22','ТОО «ПромКомплект»','201670167890','active','Б.Ержанов'),
  ('cl23','ТОО «КазДорСтрой»','211780178901','active','А.Муратов'),
  ('cl24','ТОО «ШымкентСтрой»','221890189012','active','Б.Ержанов'),
  ('cl25','ТОО «АктауПорт»','231900190123','active','А.Муратов'),
  ('cl26','ТОО «NordProm»','242010201234','active','Б.Ержанов'),
  ('cl27','ТОО «СтройГрупп»','252120212345','on_review','А.Муратов'),
  ('cl28','ТОО «ИнтерМонтаж»','262230223456','active','Б.Ержанов'),
  ('cl29','ТОО «Восток Строй»','272340234567','active','А.Муратов'),
  ('cl30','ТОО «КазЭнергоМонтаж»','282450245678','active','Б.Ержанов'),
  ('cl31','ТОО «ГорнякСервис»','292560256789','active','А.Муратов'),
  ('cl32','ТОО «ПрестижСтрой»','302670267890','frozen','Б.Ержанов');

-- ДЕБИТОРЫ
INSERT OR IGNORE INTO debtors(id,name,bin,rating,credit_limit,notification_signed,industry) VALUES
  ('db01','АО «ТНК «Казхром»','050140006508','A',500000000,1,'Горная добыча'),
  ('db02','АО «ССГПО»','050240013956','A',300000000,1,'Горно-обогатительный'),
  ('db03','ТОО «Arise Kazakhstan»','180640010765','A',200000000,1,'Горная добыча'),
  ('db04','ТОО «TENOIL»','970840000778','B',150000000,1,'Нефть и газ'),
  ('db05','АО «КазТрансОйл»','050340001234','A',500000000,1,'Трубопроводный транспорт'),
  ('db06','АО «Каражанбас мунай»','050540009876','B',200000000,1,'Нефтедобыча'),
  ('db07','АО «НК «КТЖ»','050440007654','A',1000000000,1,'Железнодорожный транспорт'),
  ('db08','АО «ЕЭК»','050640003456','B',100000000,1,'Электроэнергетика'),
  ('db09','АО «Казатомпром»','040540003006','A',800000000,1,'Атомная промышленность'),
  ('db10','АО «КазМунайГаз»','030540002774','A',2000000000,1,'Нефть и газ'),
  ('db11','ТОО «Тенгизшевройл»','961240000521','A',1000000000,1,'Нефтедобыча'),
  ('db12','АО «КазТрансГаз»','050640000621','A',600000000,1,'Транспортировка газа'),
  ('db13','АО «КЕГОК»','050440000849','A',500000000,1,'Электроэнергетика'),
  ('db14','АО «Богатырь Комир»','050240001867','B',200000000,1,'Угольная промышленность'),
  ('db15','АО «Балхашмысь»','040540002134','B',250000000,1,'Металлургия'),
  ('db16','ТОО «Карагандацемент»','061240018765','B',80000000,1,'Строительные материалы'),
  ('db17','АО «КазАгро»','060740003217','B',150000000,1,'Сельское хозяйство'),
  ('db18','АО «Казтелеком»','980940000421','A',400000000,1,'Телекоммуникации'),
  ('db19','АО «Казпочта»','960140000912','B',100000000,1,'Почтовые услуги'),
  ('db20','АО «ҚазМедицина»','070740011234','B',60000000,1,'Здравоохранение'),
  ('db21','ТОО «Шеврон Мунайгаз»','960540002156','A',800000000,1,'Нефтедобыча'),
  ('db22','АО «Казахстан Инжиниринг»','030840001765','B',200000000,1,'Машиностроение'),
  ('db23','ТОО «Актобемунайгаз»','960240001543','B',300000000,1,'Нефтедобыча'),
  ('db24','АО «СНПС-Актобемунайгаз»','001040000986','B',350000000,1,'Нефтедобыча'),
  ('db25','ТОО «Казфосфат»','050440003892','B',180000000,1,'Химическая промышленность'),
  ('db26','АО «Казхимволокно»','960540001234','C',50000000,1,'Химическая промышленность'),
  ('db27','ТОО «ЕвроХим Удобрения»','071240023456','B',200000000,1,'Химическая промышленность'),
  ('db28','ТОО «АрселорМиттал Темиртау»','960540000987','A',700000000,1,'Металлургия'),
  ('db29','АО «Казцинк»','960540001654','A',400000000,1,'Цветная металлургия'),
  ('db30','ТОО «Алтын-Дала»','081140034567','B',80000000,1,'Строительство'),
  ('db31','АО «КазСтройСервис»','050740004521','B',120000000,1,'Строительство'),
  ('db32','ТОО «Строй-Плюс»','091240045678','C',40000000,1,'Строительство'),
  ('db33','АО «Алтыналмас»','050540007891','A',300000000,1,'Добыча золота'),
  ('db34','ТОО «Казахтелемонтаж»','060840056789','B',70000000,1,'Телекоммуникации'),
  ('db35','АО «Самрук-Энерго»','060740002218','A',600000000,1,'Электроэнергетика'),
  ('db36','ТОО «Ecoil»','070940067890','B',90000000,1,'Нефтесервис'),
  ('db37','АО «МангыстауМунайГаз»','960240000765','B',400000000,1,'Нефтедобыча'),
  ('db38','ТОО «ПНХЗ»','960540000543','B',250000000,1,'Нефтепереработка'),
  ('db39','АО «BI Group»','040440002978','A',500000000,1,'Строительство'),
  ('db40','АО «КазФарм»','080740078901','B',60000000,1,'Фармацевтика'),
  ('db41','АО «Казахстан Кагазы»','030540001123','C',30000000,1,'Бумажная промышленность'),
  ('db42','ТОО «АтырауНефтеМаш»','961040001876','B',120000000,1,'Машиностроение'),
  ('db43','АО «НурЭнерго»','050740005432','B',80000000,1,'Электроэнергетика'),
  ('db44','АО «Казпочта Инвест»','060940089012','B',70000000,1,'Инвестиции'),
  ('db45','ТОО «Мегастрой-Астана»','071040090123','B',100000000,1,'Строительство'),
  ('db46','АО «Казахстан Темир Жолы»','030940002345','A',800000000,1,'Железнодорожный транспорт'),
  ('db47','ТОО «КазАвтоДор»','090140101234','B',200000000,1,'Дорожное строительство'),
  ('db48','АО «КазАзот»','960540000432','B',150000000,1,'Химическая промышленность'),
  ('db49','ТОО «АктобеТрансСервис»','100240112345','B',90000000,1,'Транспорт'),
  ('db50','АО «РД «КМГ»','030640001987','A',500000000,1,'Нефтедобыча'),
  ('db51','ТОО «ЕвразияМет»','110340123456','B',130000000,1,'Металлоторговля'),
  ('db52','АО «КазНИИ»','050540008765','B',50000000,1,'Наука и технологии'),
  ('db53','ТОО «Airba Digital»','120440134567','B',60000000,1,'IT'),
  ('db54','АО «Эйр Астана»','020540001234','B',300000000,1,'Авиация'),
  ('db55','ТОО «ТулпарТалком»','130540145678','B',80000000,1,'Телекоммуникации'),
  ('db56','АО «Казатомпром-SaUran»','050740009234','A',200000000,1,'Атомная промышленность'),
  ('db57','ТОО «Агромаш Холдинг»','140640156789','C',40000000,1,'Сельское хозяйство');

-- ГЕНЕРАЛЬНЫЕ ДОГОВОРЫ
INSERT OR IGNORE INTO agreements(id,client_id,number,date_signed,tariff_plan_id,default_discount) VALUES
  ('ag01','cl01','ГД №2024/01/01-0001 от 01.01.2024','2024-01-01','tp08',0.75),
  ('ag02','cl02','ГД №2024/02/08-0002 от 08.02.2024','2024-02-08','tp18',0.8),
  ('ag03','cl03','ГД №2024/03/15-0003 от 15.03.2024','2024-03-15','tp02',0.85),
  ('ag04','cl04','ГД №2024/04/22-0004 от 22.04.2024','2024-04-22','tp09',0.9),
  ('ag05','cl05','ГД №2024/05/01-0005 от 01.05.2024','2024-05-01','tp05',0.92),
  ('ag06','cl06','ГД №2024/06/08-0006 от 08.06.2024','2024-06-08','tp06',0.95),
  ('ag07','cl07','ГД №2025/07/15-0007 от 15.07.2025','2025-07-15','tp07',0.75),
  ('ag08','cl08','ГД №2025/08/22-0008 от 22.08.2025','2025-08-22','tp04',0.8),
  ('ag09','cl09','ГД №2025/09/01-0009 от 01.09.2025','2025-09-01','tp01',0.85),
  ('ag10','cl10','ГД №2025/10/08-0010 от 08.10.2025','2025-10-08','tp08',0.9),
  ('ag11','cl11','ГД №2025/11/15-0011 от 15.11.2025','2025-11-15','tp02',0.92),
  ('ag12','cl12','ГД №2025/12/22-0012 от 22.12.2025','2025-12-22','tp11',0.95),
  ('ag13','cl13','ГД №2025/01/01-0013 от 01.01.2025','2025-01-01','tp14',0.75),
  ('ag14','cl14','ГД №2025/02/08-0014 от 08.02.2025','2025-02-08','tp05',0.8),
  ('ag15','cl15','ГД №2025/03/15-0015 от 15.03.2025','2025-03-15','tp06',0.85),
  ('ag16','cl16','ГД №2025/04/22-0016 от 22.04.2025','2025-04-22','tp12',0.9),
  ('ag17','cl17','ГД №2025/05/01-0017 от 01.05.2025','2025-05-01','tp03',0.92),
  ('ag18','cl18','ГД №2025/06/08-0018 от 08.06.2025','2025-06-08','tp08',0.95),
  ('ag19','cl19','ГД №2025/07/15-0019 от 15.07.2025','2025-07-15','tp02',0.75),
  ('ag20','cl20','ГД №2025/08/22-0020 от 22.08.2025','2025-08-22','tp04',0.8),
  ('ag21','cl21','ГД №2025/09/01-0021 от 01.09.2025','2025-09-01','tp06',0.85),
  ('ag22','cl22','ГД №2025/10/08-0022 от 08.10.2025','2025-10-08','tp13',0.9),
  ('ag23','cl23','ГД №2025/11/15-0023 от 15.11.2025','2025-11-15','tp05',0.92),
  ('ag24','cl24','ГД №2025/12/22-0024 от 22.12.2025','2025-12-22','tp19',0.95),
  ('ag25','cl25','ГД №2025/01/01-0025 от 01.01.2025','2025-01-01','tp08',0.75),
  ('ag26','cl26','ГД №2025/02/08-0026 от 08.02.2025','2025-02-08','tp07',0.8),
  ('ag27','cl27','ГД №2025/03/15-0027 от 15.03.2025','2025-03-15','tp02',0.85),
  ('ag28','cl28','ГД №2025/04/22-0028 от 22.04.2025','2025-04-22','tp15',0.9),
  ('ag29','cl29','ГД №2025/05/01-0029 от 01.05.2025','2025-05-01','tp05',0.92),
  ('ag30','cl30','ГД №2025/06/08-0030 от 08.06.2025','2025-06-08','tp03',0.95),
  ('ag31','cl31','ГД №2025/07/15-0031 от 15.07.2025','2025-07-15','tp17',0.75),
  ('ag32','cl32','ГД №2025/08/22-0032 от 22.08.2025','2025-08-22','tp16',0.8);

-- ФИНАНСИРОВАНИЯ
INSERT OR IGNORE INTO financings(id,number,client_id,debtor_id,agreement_id,tariff_plan_id,notice_number,avr_number,avr_date,installment_days,document_sum,discount,financing_sum,date_financing,planned_repayment,factoring_type,current_od,k1_accrued_net,k2_accrued_net,days_overdue,status,vop,closed_at) VALUES
  ('fin005','F-0005','cl01','db01','ag01','tp08','Уведомление №5 от 01.12.2024','АВР №5-2024','2024-12-01',30,26481997,0.9,23833797.3,'2024-12-02','2024-12-31','with_notice',0,129290.19,391668.74,0,'closed',2127240.77,'2025-01-07'),
  ('fin006','F-0006','cl01','db02','ag01','tp08','Уведомление №6 от 05.12.2024','АВР №6-2024','2024-12-05',60,18500000,0.9,16650000,'2024-12-06','2025-02-03','with_notice',0,165587.67,410515,0,'closed',1273897.33,'2025-02-10'),
  ('fin007','F-0007','cl02','db04','ag02','tp18','Уведомление №7 от 08.12.2024','АВР №7-2024','2024-12-08',30,9200000,0.8,7360000,'2024-12-09','2025-01-07','without_notice',0,50209.32,0,0,'closed',1789790.68,'2025-01-08'),
  ('fin008','F-0008','cl03','db03','ag03','tp02','Уведомление №8 от 10.12.2024','АВР №8-2024','2024-12-10',45,14300000,0.85,12155000,'2024-12-11','2025-01-24','with_notice',0,89913.7,211497,0,'closed',1843589.3,'2025-01-25'),
  ('fin009','F-0009','cl04','db05','ag04','tp09','Уведомление №9 от 12.12.2024','АВР №9-2024','2024-12-12',60,35000000,0.9,31500000,'2024-12-13','2025-02-10','with_notice',0,464473.97,776650,0,'closed',2258876.03,'2025-02-20'),
  ('fin010','F-0010','cl05','db01','ag05','tp05','Уведомление №10 от 15.12.2024','АВР №10-2024','2024-12-15',30,8700000,0.85,7395000,'2024-12-16','2025-01-14','with_notice',0,47409.04,128673,0,'closed',1128917.96,'2025-01-24'),
  ('fin011','F-0011','cl06','db07','ag06','tp06','Уведомление №11 от 17.12.2024','АВР №11-2024','2024-12-17',90,55000000,0.75,41250000,'2024-12-18','2025-03-17','with_notice',0,559417.81,1627450,0,'closed',11563132.19,'2025-03-18'),
  ('fin012','F-0012','cl07','db09','ag07','tp07','Уведомление №12 от 18.12.2024','АВР №12-2024','2024-12-18',30,12000000,0.85,10200000,'2024-12-19','2025-01-17','with_notice',0,48904.11,177480,0,'closed',1573615.89,'2025-01-23'),
  ('fin013','F-0013','cl08','db11','ag08','tp04','Уведомление №13 от 20.12.2024','АВР №13-2024','2024-12-20',60,22000000,0.8,17600000,'2024-12-21','2025-02-18','with_notice',0,206860.27,488180,0,'closed',3704959.73,'2025-02-24'),
  ('fin014','F-0014','cl09','db28','ag09','tp01','Уведомление №14 от 22.12.2024','АВР №14-2024','2024-12-22',30,16500000,0.85,14025000,'2024-12-23','2025-01-21','with_notice',0,83688.9,244035,0,'closed',2147276.1,'2025-01-25'),
  ('fin015','F-0015','cl10','db13','ag10','tp08','Уведомление №15 от 23.12.2024','АВР №15-2024','2024-12-23',45,9800000,0.9,8820000,'2024-12-24','2025-02-06','with_notice',0,69110.14,144942,0,'closed',765947.86,'2025-02-14'),
  ('fin016','F-0016','cl11','db14','ag11','tp02','Уведомление №16 от 26.12.2024','АВР №16-2024','2024-12-26',30,7200000,0.85,6120000,'2024-12-27','2025-01-25','with_notice',0,32192.88,106488,0,'closed',941319.12,'2025-01-28'),
  ('fin017','F-0017','cl01','db03','ag01','tp08','Уведомление №17 от 28.12.2024','АВР №17-2024','2024-12-28',60,31000000,0.9,27900000,'2024-12-29','2025-02-26','with_notice',0,252246.58,687890,0,'closed',2159863.42,'2025-02-27'),
  ('fin018','F-0018','cl04','db07','ag04','tp09','Уведомление №18 от 30.12.2024','АВР №18-2024','2024-12-30',30,19000000,0.9,17100000,'2024-12-31','2025-01-29','with_notice',0,127898.63,281010,0,'closed',1491091.37,'2025-02-04'),
  ('fin019','F-0019','cl05','db02','ag05','tp05','Уведомление №19 от 31.12.2024','АВР №19-2024','2024-12-31',45,11500000,0.85,9775000,'2025-01-01','2025-02-14','with_notice',0,83556.16,170085,0,'closed',1471358.84,'2025-02-22'),
  ('fin020','F-0020','cl06','db01','ag06','tp06','Уведомление №20 от 03.01.2025','АВР №20-2025','2025-01-03',30,24000000,0.9,21600000,'2025-01-04','2025-02-02','with_notice',0,113917.81,354960,0,'closed',1931122.19,'2025-02-08'),
  ('fin021','F-0021','cl07','db10','ag07','tp07','Уведомление №21 от 05.01.2025','АВР №21-2025','2025-01-05',60,48000000,0.85,40800000,'2025-01-06','2025-03-06','with_notice',0,346520.55,1065120,0,'closed',5788359.45,'2025-03-09'),
  ('fin022','F-0022','cl08','db12','ag08','tp04','Уведомление №22 от 07.01.2025','АВР №22-2025','2025-01-07',30,13500000,0.8,10800000,'2025-01-08','2025-02-06','with_notice',0,72256.44,199665,0,'closed',2428078.56,'2025-02-14'),
  ('fin023','F-0023','cl09','db29','ag09','tp01','Уведомление №23 от 09.01.2025','АВР №23-2025','2025-01-09',45,27000000,0.85,22950000,'2025-01-10','2025-02-23','with_notice',0,219942.74,399330,0,'closed',3430727.26,'2025-03-04'),
  ('fin024','F-0024','cl10','db13','ag10','tp08','Уведомление №24 от 12.01.2025','АВР №24-2025','2025-01-12',30,8500000,0.9,7650000,'2025-01-13','2025-02-11','with_notice',0,35734.93,125715,0,'closed',688550.07,'2025-02-13'),
  ('fin025','F-0025','cl01','db01','ag01','tp08','Уведомление №25 от 15.01.2025','АВР №25-2025','2025-01-15',60,33000000,0.9,29700000,'2025-01-16','2025-03-16','with_notice',0,277471.23,732270,0,'closed',2290258.77,'2025-03-19'),
  ('fin026','F-0026','cl02','db07','ag02','tp18','Уведомление №26 от 17.01.2025','АВР №26-2025','2025-01-17',30,15000000,0.8,12000000,'2025-01-18','2025-02-16','without_notice',0,84591.78,0,0,'closed',2915408.22,'2025-02-18'),
  ('fin027','F-0027','cl03','db05','ag03','tp02','Уведомление №27 от 19.01.2025','АВР №27-2025','2025-01-19',45,19500000,0.85,16575000,'2025-01-20','2025-03-05','with_notice',0,128058.9,288405,0,'closed',2508536.1,'2025-03-08'),
  ('fin028','F-0028','cl04','db06','ag04','tp09','Уведомление №28 от 21.01.2025','АВР №28-2025','2025-01-21',30,10200000,0.9,9180000,'2025-01-22','2025-02-20','with_notice',0,70623.12,150858,0,'closed',798518.88,'2025-02-27'),
  ('fin029','F-0029','cl12','db31','ag12','tp11','Уведомление №29 от 22.01.2025','АВР №29-2025','2025-01-22',60,6800000,0.85,5780000,'2025-01-23','2025-03-23','without_notice',0,127840.93,0,0,'closed',892159.07,'2025-04-02'),
  ('fin030','F-0030','cl13','db19','ag13','tp14','Уведомление №30 от 25.01.2025','АВР №30-2025','2025-01-25',30,4500000,0.8,3600000,'2025-01-26','2025-02-24','without_notice',0,25772.05,0,0,'closed',874227.95,'2025-03-06'),
  ('fin031','F-0031','cl14','db13','ag14','tp05','Уведомление №31 от 27.01.2025','АВР №31-2025','2025-01-27',45,21000000,0.85,17850000,'2025-01-28','2025-03-13','with_notice',0,134975.34,310590,0,'closed',2704434.66,'2025-03-15'),
  ('fin032','F-0032','cl15','db15','ag15','tp06','Уведомление №32 от 29.01.2025','АВР №32-2025','2025-01-29',30,12300000,0.9,11070000,'2025-01-30','2025-02-28','with_notice',0,50042.47,181917,0,'closed',998040.53,'2025-03-01'),
  ('fin033','F-0033','cl05','db02','ag05','tp05','Уведомление №33 от 31.01.2025','АВР №33-2025','2025-01-31',60,28000000,0.85,23800000,'2025-02-01','2025-04-01','with_notice',0,234739.73,621320,0,'closed',3343940.27,'2025-04-02'),
  ('fin034','F-0034','cl01','db02','ag01','tp08','Уведомление №34 от 03.02.2025','АВР №34-2025','2025-02-03',30,22000000,0.9,19800000,'2025-02-04','2025-03-05','with_notice',0,92490.41,325380,0,'closed',1782129.59,'2025-03-07'),
  ('fin035','F-0035','cl06','db07','ag06','tp06','Уведомление №35 от 05.02.2025','АВР №35-2025','2025-02-05',90,67000000,0.75,50250000,'2025-02-06','2025-05-06','with_notice',0,734476.03,1982530,0,'closed',14032993.97,'2025-05-14'),
  ('fin036','F-0036','cl07','db09','ag07','tp07','Уведомление №36 от 07.02.2025','АВР №36-2025','2025-02-07',30,15500000,0.85,13175000,'2025-02-08','2025-03-09','with_notice',0,64972.6,229245,0,'closed',2030782.4,'2025-03-16'),
  ('fin037','F-0037','cl16','db18','ag16','tp12','Уведомление №37 от 10.02.2025','АВР №37-2025','2025-02-10',60,9300000,0.8,7440000,'2025-02-11','2025-04-11','without_notice',0,178926.9,0,0,'closed',1681073.1,'2025-04-18'),
  ('fin038','F-0038','cl17','db23','ag17','tp03','Уведомление №38 от 12.02.2025','АВР №38-2025','2025-02-12',45,18700000,0.85,15895000,'2025-02-13','2025-03-29','with_notice',0,152330.71,276573,0,'closed',2376096.29,'2025-04-07'),
  ('fin039','F-0039','cl18','db06','ag18','tp08','Уведомление №39 от 14.02.2025','АВР №39-2025','2025-02-14',30,11200000,0.9,10080000,'2025-02-15','2025-03-16','with_notice',0,56199.45,165648,0,'closed',898152.55,'2025-03-24'),
  ('fin040','F-0040','cl19','db14','ag19','tp02','Уведомление №40 от 17.02.2025','АВР №40-2025','2025-02-17',60,14800000,0.85,12580000,'2025-02-18','2025-04-18','with_notice',0,124076.71,328412,0,'closed',1767511.29,'2025-04-19'),
  ('fin041','F-0041','cl20','db16','ag20','tp04','Уведомление №41 от 19.02.2025','АВР №41-2025','2025-02-19',30,7600000,0.9,6840000,'2025-02-20','2025-03-21','with_notice',0,46999.23,112404,0,'closed',600596.77,'2025-03-30'),
  ('fin042','F-0042','cl03','db03','ag03','tp02','Уведомление №42 от 21.02.2025','АВР №42-2025','2025-02-21',45,25000000,0.85,21250000,'2025-02-22','2025-04-07','with_notice',0,171164.38,369750,0,'closed',3209085.62,'2025-04-12'),
  ('fin043','F-0043','cl04','db05','ag04','tp09','Уведомление №43 от 24.02.2025','АВР №43-2025','2025-02-24',30,32000000,0.9,28800000,'2025-02-25','2025-03-26','with_notice',0,190790.14,473280,0,'closed',2535929.86,'2025-03-28'),
  ('fin044','F-0044','cl01','db01','ag01','tp08','Уведомление №44 от 01.03.2025','АВР №44-2025','2025-03-01',60,28500000,0.9,25650000,'2025-03-02','2025-04-30','with_notice',0,235769.18,632415,0,'closed',1981815.82,'2025-05-02'),
  ('fin045','F-0045','cl08','db11','ag08','tp04','Уведомление №45 от 03.03.2025','АВР №45-2025','2025-03-03',30,17000000,0.8,13600000,'2025-03-04','2025-04-02','with_notice',0,93448.77,251430,0,'closed',3055121.23,'2025-04-11'),
  ('fin046','F-0046','cl09','db28','ag09','tp01','Уведомление №46 от 05.03.2025','АВР №46-2025','2025-03-05',45,24000000,0.85,20400000,'2025-03-06','2025-04-19','with_notice',0,188127.12,354960,0,'closed',3056912.88,'2025-04-26'),
  ('fin047','F-0047','cl21','db21','ag21','tp06','Уведомление №47 от 07.03.2025','АВР №47-2025','2025-03-07',30,42000000,0.8,33600000,'2025-03-08','2025-04-06','with_notice',0,187331.51,621180,0,'closed',7591488.49,'2025-04-14'),
  ('fin048','F-0048','cl22','db22','ag22','tp13','Уведомление №48 от 10.03.2025','АВР №48-2025','2025-03-10',60,8900000,0.85,7565000,'2025-03-11','2025-05-09','without_notice',0,111091.51,0,0,'closed',1223908.49,'2025-05-17'),
  ('fin049','F-0049','cl23','db47','ag23','tp05','Уведомление №49 от 12.03.2025','АВР №49-2025','2025-03-12',30,13400000,0.9,12060000,'2025-03-13','2025-04-11','with_notice',0,67403.84,198186,0,'closed',1074410.16,'2025-04-16'),
  ('fin050','F-0050','cl10','db13','ag10','tp08','Уведомление №50 от 15.03.2025','АВР №50-2025','2025-03-15',45,11000000,0.9,9900000,'2025-03-16','2025-04-29','with_notice',0,68621.92,162690,0,'closed',868688.08,'2025-05-01'),
  ('fin051','F-0051','cl02','db04','ag02','tp18','Уведомление №51 от 17.03.2025','АВР №51-2025','2025-03-17',30,6700000,0.8,5360000,'2025-03-18','2025-04-16','without_notice',0,36565.48,0,0,'closed',1303434.52,'2025-04-17'),
  ('fin052','F-0052','cl05','db01','ag05','tp05','Уведомление №52 от 20.03.2025','АВР №52-2025','2025-03-20',60,31500000,0.85,26775000,'2025-03-21','2025-05-19','with_notice',0,272884.93,698985,0,'closed',3753130.07,'2025-05-22'),
  ('fin053','F-0053','cl06','db07','ag06','tp06','Уведомление №53 от 25.03.2025','АВР №53-2025','2025-03-25',30,20000000,0.9,18000000,'2025-03-26','2025-04-24','with_notice',0,81369.86,295800,0,'closed',1622830.14,'2025-04-25'),
  ('fin054','F-0054','cl11','db14','ag11','tp02','Уведомление №54 от 01.04.2025','АВР №54-2025','2025-04-01',30,9200000,0.85,7820000,'2025-04-02','2025-05-01','with_notice',0,44991.78,136068,0,'closed',1198940.22,'2025-05-07'),
  ('fin055','F-0055','cl12','db31','ag12','tp11','Уведомление №55 от 03.04.2025','АВР №55-2025','2025-04-03',60,7800000,0.85,6630000,'2025-04-04','2025-06-02','without_notice',0,140265.37,0,0,'closed',1029734.63,'2025-06-09'),
  ('fin056','F-0056','cl01','db02','ag01','tp08','Уведомление №56 от 07.04.2025','АВР №56-2025','2025-04-07',45,35000000,0.9,31500000,'2025-04-08','2025-05-22','with_notice',0,256315.07,517650,0,'closed',2726034.93,'2025-06-01'),
  ('fin057','F-0057','cl04','db05','ag04','tp09','Уведомление №57 от 09.04.2025','АВР №57-2025','2025-04-09',30,27000000,0.9,24300000,'2025-04-10','2025-05-09','with_notice',0,155786.3,399330,0,'closed',2144883.7,'2025-05-10'),
  ('fin058','F-0058','cl24','db32','ag24','tp19','Уведомление №58 от 12.04.2025','АВР №58-2025','2025-04-12',60,5500000,0.85,4675000,'2025-04-13','2025-06-11','without_notice',0,78692.42,0,0,'closed',746307.58,'2025-06-19'),
  ('fin059','F-0059','cl25','db37','ag25','tp08','Уведомление №59 от 14.04.2025','АВР №59-2025','2025-04-14',30,19800000,0.9,17820000,'2025-04-15','2025-05-14','with_notice',0,104723.01,292842,0,'closed',1582434.99,'2025-05-24'),
  ('fin060','F-0060','cl07','db10','ag07','tp07','Уведомление №60 от 16.04.2025','АВР №60-2025','2025-04-16',45,52000000,0.85,44200000,'2025-04-17','2025-05-31','with_notice',0,326958.9,769080,0,'closed',6703961.1,'2025-06-10'),
  ('fin061','F-0061','cl08','db12','ag08','tp04','Уведомление №61 от 18.04.2025','АВР №61-2025','2025-04-18',30,16200000,0.8,12960000,'2025-04-19','2025-05-18','with_notice',0,89051.18,239598,0,'closed',2911350.82,'2025-05-27'),
  ('fin062','F-0062','cl03','db06','ag03','tp02','Уведомление №62 от 21.04.2025','АВР №62-2025','2025-04-21',60,22500000,0.85,19125000,'2025-04-22','2025-06-20','with_notice',0,191773.97,499275,0,'closed',2683951.03,'2025-06-22'),
  ('fin063','F-0063','cl09','db29','ag09','tp01','Уведомление №63 от 24.04.2025','АВР №63-2025','2025-04-24',30,31000000,0.85,26350000,'2025-04-25','2025-05-24','with_notice',0,171527.67,458490,0,'closed',4019982.33,'2025-05-31'),
  ('fin064','F-0064','cl26','db33','ag26','tp07','Уведомление №64 от 01.05.2025','АВР №64-2025','2025-05-01',30,14500000,0.9,13050000,'2025-05-02','2025-05-31','with_notice',0,60780.82,214455,0,'closed',1174764.18,'2025-06-05'),
  ('fin065','F-0065','cl01','db03','ag01','tp08','Уведомление №65 от 05.05.2025','АВР №65-2025','2025-05-05',60,38000000,0.9,34200000,'2025-05-06','2025-07-04','with_notice',0,309205.48,843220,0,'closed',2647574.52,'2025-07-05'),
  ('fin066','F-0066','cl05','db02','ag05','tp05','Уведомление №66 от 08.05.2025','АВР №66-2025','2025-05-08',30,24000000,0.85,20400000,'2025-05-09','2025-06-07','with_notice',0,114016.44,354960,0,'closed',3131023.56,'2025-06-12'),
  ('fin067','F-0067','cl06','db01','ag06','tp06','Уведомление №67 от 12.05.2025','АВР №67-2025','2025-05-12',45,29000000,0.9,26100000,'2025-05-13','2025-06-26','with_notice',0,188778.08,428910,0,'closed',2282311.92,'2025-06-30'),
  ('fin068','F-0068','cl10','db13','ag10','tp08','Уведомление №68 от 15.05.2025','АВР №68-2025','2025-05-15',30,12500000,0.9,11250000,'2025-05-16','2025-06-14','with_notice',0,54246.58,184875,0,'closed',1010878.42,'2025-06-17'),
  ('fin069','F-0069','cl14','db35','ag14','tp05','Уведомление №69 от 18.05.2025','АВР №69-2025','2025-05-18',60,43000000,0.85,36550000,'2025-05-19','2025-07-17','with_notice',0,366501.37,954170,0,'closed',5129328.63,'2025-07-19'),
  ('fin070','F-0070','cl15','db15','ag15','tp06','Уведомление №70 от 21.05.2025','АВР №70-2025','2025-05-21',30,18000000,0.9,16200000,'2025-05-22','2025-06-20','with_notice',0,73232.88,266220,0,'closed',1460547.12,'2025-06-21'),
  ('fin071','F-0071','cl17','db23','ag17','tp03','Уведомление №71 от 24.05.2025','АВР №71-2025','2025-05-24',45,22000000,0.85,18700000,'2025-05-25','2025-07-08','with_notice',0,155543.01,325380,0,'closed',2819076.99,'2025-07-10'),
  ('fin072','F-0072','cl02','db07','ag02','tp18','Уведомление №72 от 27.05.2025','АВР №72-2025','2025-05-27',30,11000000,0.8,8800000,'2025-05-28','2025-06-26','without_notice',0,76041.64,0,0,'closed',2123958.36,'2025-07-05'),
  ('fin073','F-0073','cl04','db06','ag04','tp09','Уведомление №73 от 01.06.2025','АВР №73-2025','2025-06-01',30,15800000,0.9,14220000,'2025-06-02','2025-07-01','with_notice',0,100280.22,233682,0,'closed',1246037.78,'2025-07-05'),
  ('fin074','F-0074','cl07','db09','ag07','tp07','Уведомление №74 от 04.06.2025','АВР №74-2025','2025-06-04',60,61000000,0.85,51850000,'2025-06-05','2025-08-03','with_notice',0,440369.86,1353590,0,'closed',7356040.14,'2025-08-06'),
  ('fin075','F-0075','cl01','db01','ag01','tp08','Уведомление №75 от 07.06.2025','АВР №75-2025','2025-06-07',45,44000000,0.9,39600000,'2025-06-08','2025-07-22','with_notice',0,286421.92,650760,0,'closed',3462818.08,'2025-07-26'),
  ('fin076','F-0076','cl19','db14','ag19','tp02','Уведомление №76 от 10.06.2025','АВР №76-2025','2025-06-10',30,16500000,0.85,14025000,'2025-06-11','2025-07-10','with_notice',0,76080.82,244035,0,'closed',2154884.18,'2025-07-14'),
  ('fin077','F-0077','cl20','db17','ag20','tp04','Уведомление №77 от 13.06.2025','АВР №77-2025','2025-06-13',60,9700000,0.9,8730000,'2025-06-14','2025-08-12','with_notice',0,96293.1,215243,0,'closed',658463.9,'2025-08-14'),
  ('fin078','F-0078','cl27','db30','ag27','tp02','Уведомление №78 от 16.06.2025','АВР №78-2025','2025-06-16',30,8200000,0.85,6970000,'2025-06-17','2025-07-16','with_notice',0,34372.6,121278,0,'closed',1074349.4,'2025-07-17'),
  ('fin079','F-0079','cl08','db11','ag08','tp04','Уведомление №79 от 19.06.2025','АВР №79-2025','2025-06-19',30,19500000,0.8,15600000,'2025-06-20','2025-07-19','with_notice',0,95907.95,288405,0,'closed',3515687.05,'2025-07-24'),
  ('fin080','F-0080','cl09','db28','ag09','tp01','Уведомление №80 от 01.07.2025','АВР №80-2025','2025-07-01',30,26000000,0.85,22100000,'2025-07-02','2025-07-31','with_notice',22100000,628197.04,480870,233,'overdue',NULL,NULL),
  ('fin081','F-0081','cl03','db05','ag03','tp02','Уведомление №81 от 04.07.2025','АВР №81-2025','2025-07-04',60,34000000,0.85,28900000,'2025-07-05','2025-09-02','with_notice',28900000,738256.44,628830,200,'overdue',NULL,NULL),
  ('fin082','F-0082','cl05','db02','ag05','tp05','Уведомление №82 от 07.07.2025','АВР №82-2025','2025-07-07',45,18700000,0.85,15895000,'2025-07-08','2025-08-21','with_notice',15895000,401337.86,345856.5,212,'overdue',NULL,NULL),
  ('fin083','F-0083','cl06','db07','ag06','tp06','Уведомление №83 от 10.07.2025','АВР №83-2025','2025-07-10',30,41000000,0.9,36900000,'2025-07-11','2025-08-09','with_notice',36900000,844049.59,758295,224,'overdue',NULL,NULL),
  ('fin084','F-0084','cl01','db02','ag01','tp08','Уведомление №84 от 14.07.2025','АВР №84-2025','2025-07-14',60,29000000,0.9,26100000,'2025-07-15','2025-09-12','with_notice',26100000,587571.78,536355,190,'overdue',NULL,NULL),
  ('fin085','F-0085','cl10','db13','ag10','tp08','Уведомление №85 от 17.07.2025','АВР №85-2025','2025-07-17',90,15000000,0.9,13500000,'2025-07-18','2025-10-15','with_notice',13500000,300254.8,277425,157,'overdue',NULL,NULL),
  ('fin086','F-0086','cl11','db14','ag11','tp02','Уведомление №86 от 21.07.2025','АВР №86-2025','2025-07-21',30,8400000,0.85,7140000,'2025-07-22','2025-08-20','with_notice',7140000,113614.03,93214.8,213,'default',NULL,NULL),
  ('fin087','F-0087','cl12','db31','ag12','tp11','Уведомление №87 от 24.07.2025','АВР №87-2025','2025-07-24',60,6900000,0.85,5865000,'2025-07-25','2025-09-22','without_notice',5865000,179729.31,0,180,'default',NULL,NULL),
  ('fin088','F-0088','cl13','db19','ag13','tp14','Уведомление №88 от 01.08.2025','АВР №88-2025','2025-08-01',30,5200000,0.8,4160000,'2025-08-02','2025-08-31','without_notice',4160000,70558.16,0,202,'default',NULL,NULL),
  ('fin089','F-0089','cl02','db04','ag02','tp18','Уведомление №89 от 05.08.2025','АВР №89-2025','2025-08-05',45,12000000,0.8,9600000,'2025-08-06','2025-09-19','without_notice',9600000,297326.47,0,183,'overdue',NULL,NULL),
  ('fin090','F-0090','cl04','db05','ag04','tp09','Уведомление №90 от 09.08.2025','АВР №90-2025','2025-08-09',30,38500000,0.9,34650000,'2025-08-10','2025-09-08','with_notice',34650000,990743.18,712057.5,194,'overdue',NULL,NULL),
  ('fin091','F-0091','cl07','db10','ag07','tp07','Уведомление №91 от 12.08.2025','АВР №91-2025','2025-08-12',60,70000000,0.85,59500000,'2025-08-13','2025-10-11','with_notice',59500000,1075890.41,1294650,161,'overdue',NULL,NULL),
  ('fin092','F-0092','cl14','db35','ag14','tp05','Уведомление №92 от 15.08.2025','АВР №92-2025','2025-08-15',30,48000000,0.85,40800000,'2025-08-16','2025-09-14','with_notice',40800000,873231.78,887760,188,'overdue',NULL,NULL),
  ('fin093','F-0093','cl15','db15','ag15','tp06','Уведомление №93 от 18.08.2025','АВР №93-2025','2025-08-18',45,21000000,0.9,18900000,'2025-08-19','2025-10-02','with_notice',18900000,365676.16,388395,170,'overdue',NULL,NULL),
  ('fin094','F-0094','cl17','db37','ag17','tp03','Уведомление №94 от 21.08.2025','АВР №94-2025','2025-08-21',30,17300000,0.85,14705000,'2025-08-22','2025-09-20','with_notice',14705000,336627.67,319963.5,182,'overdue',NULL,NULL),
  ('fin095','F-0095','cl01','db01','ag01','tp08','Уведомление №95 от 01.09.2025','АВР №95-2025','2025-09-01',30,32000000,0.9,28800000,'2025-09-02','2025-10-01','with_notice',28800000,867945.21,1183680,0,'open',NULL,NULL),
  ('fin096','F-0096','cl08','db12','ag08','tp04','Уведомление №96 от 04.09.2025','АВР №96-2025','2025-09-04',60,23500000,0.8,18800000,'2025-09-05','2025-11-03','with_notice',18800000,669692.05,869265,0,'open',NULL,NULL),
  ('fin097','F-0097','cl09','db29','ag09','tp01','Уведомление №97 от 07.09.2025','АВР №97-2025','2025-09-07',30,28000000,0.85,23800000,'2025-09-08','2025-10-07','with_notice',23800000,834890.96,1035720,0,'open',NULL,NULL),
  ('fin098','F-0098','cl21','db21','ag21','tp06','Уведомление №98 от 10.09.2025','АВР №98-2025','2025-09-10',45,55000000,0.8,44000000,'2025-09-11','2025-10-25','with_notice',44000000,1266356.16,2034450,0,'open',NULL,NULL),
  ('fin099','F-0099','cl18','db06','ag18','tp08','Уведомление №99 от 13.09.2025','АВР №99-2025','2025-09-13',30,14200000,0.9,12780000,'2025-09-14','2025-10-13','with_notice',12780000,362041.64,525258,0,'open',NULL,NULL),
  ('fin100','F-0100','cl22','db22','ag22','tp13','Уведомление №100 от 16.09.2025','АВР №100-2025','2025-09-16',60,10500000,0.85,8925000,'2025-09-17','2025-11-15','without_notice',8925000,361890.41,0,0,'open',NULL,NULL),
  ('fin101','F-0101','cl23','db47','ag23','tp05','Уведомление №101 от 19.09.2025','АВР №101-2025','2025-09-19',30,19000000,0.9,17100000,'2025-09-20','2025-10-19','with_notice',17100000,511594.52,702810,0,'open',NULL,NULL),
  ('fin102','F-0102','cl06','db07','ag06','tp06','Уведомление №102 от 22.09.2025','АВР №102-2025','2025-09-22',30,45000000,0.9,40500000,'2025-09-23','2025-10-22','with_notice',40500000,1092390.41,1664550,0,'open',NULL,NULL),
  ('fin103','F-0103','cl03','db03','ag03','tp02','Уведомление №103 от 25.09.2025','АВР №103-2025','2025-09-25',45,27500000,0.85,23375000,'2025-09-26','2025-11-09','with_notice',23375000,676273.97,1017225,0,'open',NULL,NULL),
  ('fin104','F-0104','cl01','db03','ag01','tp08','Уведомление №104 от 01.10.2025','АВР №104-2025','2025-10-01',30,36000000,0.9,32400000,'2025-10-02','2025-10-31','with_notice',32400000,829972.6,1331640,0,'open',NULL,NULL),
  ('fin105','F-0105','cl04','db07','ag04','tp09','Уведомление №105 от 05.10.2025','АВР №105-2025','2025-10-05',60,48000000,0.9,43200000,'2025-10-06','2025-12-04','with_notice',43200000,1532475.62,1775520,0,'open',NULL,NULL),
  ('fin106','F-0106','cl05','db01','ag05','tp05','Уведомление №106 от 08.10.2025','АВР №106-2025','2025-10-08',30,22000000,0.85,18700000,'2025-10-09','2025-11-07','with_notice',18700000,501057.53,813780,0,'open',NULL,NULL),
  ('fin107','F-0107','cl07','db09','ag07','tp07','Уведомление №107 от 11.10.2025','АВР №107-2025','2025-10-11',45,68000000,0.85,57800000,'2025-10-12','2025-11-25','with_notice',57800000,1266849.32,2515320,0,'open',NULL,NULL),
  ('fin108','F-0108','cl10','db13','ag10','tp08','Уведомление №108 от 14.10.2025','АВР №108-2025','2025-10-14',30,13500000,0.9,12150000,'2025-10-15','2025-11-13','with_notice',12150000,287439.04,499365,0,'open',NULL,NULL),
  ('fin109','F-0109','cl14','db13','ag14','tp05','Уведомление №109 от 17.10.2025','АВР №109-2025','2025-10-17',60,52000000,0.85,44200000,'2025-10-18','2025-12-16','with_notice',44200000,1118926.03,1923480,0,'open',NULL,NULL),
  ('fin110','F-0110','cl15','db15','ag15','tp06','Уведомление №110 от 20.10.2025','АВР №110-2025','2025-10-20',30,24000000,0.9,21600000,'2025-10-21','2025-11-19','with_notice',21600000,491473.97,887760,0,'open',NULL,NULL),
  ('fin111','F-0111','cl24','db39','ag24','tp19','Уведомление №111 от 23.10.2025','АВР №111-2025','2025-10-23',45,7100000,0.85,6035000,'2025-10-24','2025-12-07','without_notice',6035000,224396.18,0,0,'open',NULL,NULL),
  ('fin112','F-0112','cl25','db42','ag25','tp08','Уведомление №112 от 26.10.2025','АВР №112-2025','2025-10-26',30,16800000,0.9,15120000,'2025-10-27','2025-11-25','with_notice',15120000,330361.64,621432,0,'open',NULL,NULL),
  ('fin113','F-0113','cl01','db02','ag01','tp08','Уведомление №113 от 01.11.2025','АВР №113-2025','2025-11-01',30,41000000,0.9,36900000,'2025-11-02','2025-12-01','with_notice',36900000,772878.08,1516590,0,'open',NULL,NULL),
  ('fin114','F-0114','cl02','db07','ag02','tp18','Уведомление №114 от 04.11.2025','АВР №114-2025','2025-11-04',60,18000000,0.8,14400000,'2025-11-05','2026-01-03','without_notice',14400000,445334.79,0,0,'open',NULL,NULL),
  ('fin115','F-0115','cl06','db01','ag06','tp06','Уведомление №115 от 07.11.2025','АВР №115-2025','2025-11-07',30,33000000,0.9,29700000,'2025-11-08','2025-12-07','with_notice',29700000,595220.55,1220670,0,'open',NULL,NULL),
  ('fin116','F-0116','cl08','db11','ag08','tp04','Уведомление №116 от 10.11.2025','АВР №116-2025','2025-11-10',45,27000000,0.8,21600000,'2025-11-11','2025-12-25','with_notice',21600000,507747.95,998730,0,'open',NULL,NULL),
  ('fin117','F-0117','cl09','db28','ag09','tp01','Уведомление №117 от 13.11.2025','АВР №117-2025','2025-11-13',30,34500000,0.85,29325000,'2025-11-14','2025-12-13','with_notice',29325000,673430.55,1276155,0,'open',NULL,NULL),
  ('fin118','F-0118','cl17','db23','ag17','tp03','Уведомление №118 от 16.11.2025','АВР №118-2025','2025-11-16',60,25000000,0.85,21250000,'2025-11-17','2026-01-15','with_notice',21250000,476465.75,924750,0,'open',NULL,NULL),
  ('fin119','F-0119','cl19','db14','ag19','tp02','Уведомление №119 от 19.11.2025','АВР №119-2025','2025-11-19',30,11800000,0.85,10030000,'2025-11-20','2025-12-19','with_notice',10030000,199500.82,436482,0,'open',NULL,NULL),
  ('fin120','F-0120','cl26','db33','ag26','tp07','Уведомление №120 от 22.11.2025','АВР №120-2025','2025-11-22',45,19500000,0.9,17550000,'2025-11-23','2026-01-06','with_notice',17550000,283684.93,577005,0,'open',NULL,NULL),
  ('fin121','F-0121','cl28','db45','ag28','tp15','Уведомление №121 от 25.11.2025','АВР №121-2025','2025-11-25',30,8700000,0.85,7395000,'2025-11-26','2025-12-25','without_notice',7395000,217615.6,0,0,'open',NULL,NULL),
  ('fin122','F-0122','cl29','db30','ag29','tp05','Уведомление №122 от 28.11.2025','АВР №122-2025','2025-11-28',60,15000000,0.9,13500000,'2025-11-29','2026-01-27','with_notice',13500000,248547.95,443850,0,'open',NULL,NULL),
  ('fin123','F-0123','cl01','db01','ag01','tp08','Уведомление №123 от 01.12.2025','АВР №123-2025','2025-12-01',30,47000000,0.9,42300000,'2025-12-02','2025-12-31','with_notice',42300000,694763.01,1390730,0,'open',NULL,NULL),
  ('fin124','F-0124','cl03','db05','ag03','tp02','Уведомление №124 от 04.12.2025','АВР №124-2025','2025-12-04',45,31000000,0.85,26350000,'2025-12-05','2026-01-18','with_notice',26350000,459139.73,917290,0,'open',NULL,NULL),
  ('fin125','F-0125','cl04','db06','ag04','tp09','Уведомление №125 от 07.12.2025','АВР №125-2025','2025-12-07',30,22500000,0.9,20250000,'2025-12-08','2026-01-06','with_notice',20250000,445721.92,665775,0,'open',NULL,NULL),
  ('fin126','F-0126','cl07','db10','ag07','tp07','Уведомление №126 от 10.12.2025','АВР №126-2025','2025-12-10',60,82000000,0.85,69700000,'2025-12-11','2026-02-08','with_notice',69700000,954794.52,2426380,0,'open',NULL,NULL),
  ('fin127','F-0127','cl10','db35','ag10','tp08','Уведомление №127 от 13.12.2025','АВР №127-2025','2025-12-13',30,17000000,0.9,15300000,'2025-12-14','2026-01-12','with_notice',15300000,223631.51,503030,0,'open',NULL,NULL),
  ('fin128','F-0128','cl11','db14','ag11','tp02','Уведомление №128 от 16.12.2025','АВР №128-2025','2025-12-16',45,9500000,0.85,8075000,'2025-12-17','2026-01-30','with_notice',8075000,124775.34,281105,0,'open',NULL,NULL),
  ('fin129','F-0129','cl21','db21','ag21','tp06','Уведомление №129 от 19.12.2025','АВР №129-2025','2025-12-19',30,58000000,0.8,46400000,'2025-12-20','2026-01-18','with_notice',46400000,636252.05,1716220,0,'open',NULL,NULL),
  ('fin130','F-0130','cl30','db43','ag30','tp03','Уведомление №130 от 22.12.2025','АВР №130-2025','2025-12-22',60,13200000,0.85,11220000,'2025-12-23','2026-02-20','with_notice',11220000,178536.33,292908,0,'open',NULL,NULL),
  ('fin131','F-0131','cl01','db02','ag01','tp08','Уведомление №131 от 05.01.2026','АВР №131-2026','2026-01-05',30,39000000,0.9,35100000,'2026-01-06','2026-02-04','with_notice',35100000,391389.04,865410,0,'open',NULL,NULL),
  ('fin132','F-0132','cl05','db01','ag05','tp05','Уведомление №132 от 08.01.2026','АВР №132-2026','2026-01-08',60,26000000,0.85,22100000,'2026-01-09','2026-03-09','with_notice',22100000,257934.25,576940,0,'open',NULL,NULL),
  ('fin133','F-0133','cl06','db07','ag06','tp06','Уведомление №133 от 11.01.2026','АВР №133-2026','2026-01-11',30,51000000,0.9,45900000,'2026-01-12','2026-02-10','with_notice',45900000,470317.81,1131690,0,'open',NULL,NULL),
  ('fin134','F-0134','cl08','db12','ag08','tp04','Уведомление №134 от 14.01.2026','АВР №134-2026','2026-01-14',45,29500000,0.8,23600000,'2026-01-15','2026-02-28','with_notice',23600000,277380.82,654605,0,'open',NULL,NULL),
  ('fin135','F-0135','cl09','db29','ag09','tp01','Уведомление №135 от 17.01.2026','АВР №135-2026','2026-01-17',30,37000000,0.85,31450000,'2026-01-18','2026-02-16','with_notice',31450000,352584.66,821030,0,'open',NULL,NULL),
  ('fin136','F-0136','cl14','db35','ag14','tp05','Уведомление №136 от 20.01.2026','АВР №136-2026','2026-01-20',60,63000000,0.85,53550000,'2026-01-21','2026-03-21','with_notice',53550000,519361.64,931770,0,'open',NULL,NULL),
  ('fin137','F-0137','cl15','db15','ag15','tp06','Уведомление №137 от 23.01.2026','АВР №137-2026','2026-01-23',30,26500000,0.9,23850000,'2026-01-24','2026-02-22','with_notice',23850000,201254.79,391935,0,'open',NULL,NULL),
  ('fin138','F-0138','cl18','db06','ag18','tp08','Уведомление №138 от 26.01.2026','АВР №138-2026','2026-01-26',45,14800000,0.9,13320000,'2026-01-27','2026-03-12','with_notice',13320000,106377.53,218892,0,'open',NULL,NULL),
  ('fin139','F-0139','cl22','db22','ag22','tp13','Уведомление №139 от 29.01.2026','АВР №139-2026','2026-01-29',30,11200000,0.85,9520000,'2026-01-30','2026-02-28','without_notice',9520000,104328.77,0,0,'open',NULL,NULL),
  ('fin140','F-0140','cl01','db01','ag01','tp08','Уведомление №140 от 02.02.2026','АВР №140-2026','2026-02-02',30,43000000,0.9,38700000,'2026-02-03','2026-03-04','with_notice',38700000,268249.32,635970,0,'open',NULL,NULL),
  ('fin141','F-0141','cl04','db05','ag04','tp09','Уведомление №141 от 06.02.2026','АВР №141-2026','2026-02-06',60,55000000,0.9,49500000,'2026-02-07','2026-04-07','with_notice',49500000,444279.45,813450,0,'open',NULL,NULL),
  ('fin142','F-0142','cl07','db09','ag07','tp07','Уведомление №142 от 09.02.2026','АВР №142-2026','2026-02-09',30,75000000,0.85,63750000,'2026-02-10','2026-03-11','with_notice',63750000,340582.19,1109250,0,'open',NULL,NULL),
  ('fin143','F-0143','cl10','db13','ag10','tp08','Уведомление №143 от 12.02.2026','АВР №143-2026','2026-02-12',45,18500000,0.9,16650000,'2026-02-13','2026-03-29','with_notice',16650000,90320.55,273615,0,'open',NULL,NULL),
  ('fin144','F-0144','cl23','db47','ag23','tp05','Уведомление №144 от 15.02.2026','АВР №144-2026','2026-02-15',30,22000000,0.9,19800000,'2026-02-16','2026-03-17','with_notice',19800000,107408.22,325380,0,'open',NULL,NULL),
  ('fin145','F-0145','cl25','db37','ag25','tp08','Уведомление №145 от 18.02.2026','АВР №145-2026','2026-02-18',60,20000000,0.9,18000000,'2026-02-19','2026-04-19','with_notice',18000000,81369.86,295800,0,'open',NULL,NULL),
  ('fin146','F-0146','cl31','db56','ag31','tp17','Уведомление №146 от 21.02.2026','АВР №146-2026','2026-02-21',30,6500000,0.85,5525000,'2026-02-22','2026-03-23','without_notice',5525000,40869.86,0,0,'open',NULL,NULL),
  ('fin147','F-0147','cl01','db03','ag01','tp08','Уведомление №147 от 01.03.2026','АВР №147-2026','2026-03-01',30,36000000,0.9,32400000,'2026-03-02','2026-03-31','with_notice',32400000,92761.64,266400,0,'open',NULL,NULL),
  ('fin148','F-0148','cl06','db01','ag06','tp06','Уведомление №148 от 05.03.2026','АВР №148-2026','2026-03-05',60,48500000,0.9,43650000,'2026-03-06','2026-05-04','with_notice',43650000,98660.96,358900,0,'open',NULL,NULL),
  ('fin149','F-0149','cl03','db06','ag03','tp02',NULL,'АВР №149-2026','2026-03-10',30,17800000,0.85,15130000,NULL,'2026-04-09','with_notice',15130000,0,0,0,'draft',NULL,NULL),
  ('fin150','F-0150','cl09','db29','ag09','tp01',NULL,'АВР №150-2026','2026-03-12',45,29000000,0.85,24650000,NULL,'2026-04-26','with_notice',24650000,0,0,0,'draft',NULL,NULL),
  ('fin151','F-0151','cl14','db13','ag14','tp05',NULL,'АВР №151-2026','2026-03-14',30,41000000,0.85,34850000,NULL,'2026-04-13','with_notice',34850000,0,0,0,'draft',NULL,NULL),
  ('fin152','F-0152','cl21','db21','ag21','tp06',NULL,'АВР №152-2026','2026-03-18',60,63000000,0.8,50400000,NULL,'2026-05-17','with_notice',50400000,0,0,0,'draft',NULL,NULL);

-- ОПЕРАЦИИ ПО ФИНАНСИРОВАНИЯМ (закрытые)
INSERT OR IGNORE INTO financing_operations(id,financing_id,operation_date,type,amount,k1_paid,k2_paid,od_paid,od_after,source,note) VALUES
  ('op_iss_fin005','fin005','2024-12-02','issue',23833797.3,0,0,0,23833797.3,'factor',NULL),
  ('op_rep_fin005','fin005','2025-01-09','full_repayment',24425316.03,152849.74,438668.99,23833797.3,0,'debtor',NULL),
  ('op_iss_fin006','fin006','2024-12-06','issue',16650000,0,0,0,16650000,'factor',NULL),
  ('op_rep_fin006','fin006','2025-02-09','full_repayment',17292425.02,182648.22,459776.8,16650000,0,'debtor',NULL),
  ('op_iss_fin007','fin007','2024-12-09','issue',7360000,0,0,0,7360000,'factor',NULL),
  ('op_rep_fin007','fin007','2025-01-10','full_repayment',7419983.39,59983.39,0,7360000,0,'debtor',NULL),
  ('op_iss_fin008','fin008','2024-12-11','issue',12155000,0,0,0,12155000,'factor',NULL),
  ('op_rep_fin008','fin008','2025-01-31','full_repayment',12506007.09,114130.45,236876.64,12155000,0,'debtor',NULL),
  ('op_iss_fin009','fin009','2024-12-13','issue',31500000,0,0,0,31500000,'factor',NULL),
  ('op_rep_fin009','fin009','2025-02-11','full_repayment',32822205.26,452357.26,869848,31500000,0,'debtor',NULL),
  ('op_iss_fin010','fin010','2024-12-16','issue',7395000,0,0,0,7395000,'factor',NULL),
  ('op_rep_fin010','fin010','2025-01-19','full_repayment',7585404.44,46290.68,144113.76,7395000,0,'debtor',NULL),
  ('op_iss_fin011','fin011','2024-12-18','issue',41250000,0,0,0,41250000,'factor',NULL),
  ('op_rep_fin011','fin011','2025-03-25','full_repayment',43748023.45,675279.45,1822744,41250000,0,'debtor',NULL),
  ('op_iss_fin012','fin012','2024-12-19','issue',10200000,0,0,0,10200000,'factor',NULL),
  ('op_rep_fin012','fin012','2025-01-27','full_repayment',10459809.93,61032.33,198777.6,10200000,0,'debtor',NULL),
  ('op_iss_fin013','fin013','2024-12-21','issue',17600000,0,0,0,17600000,'factor',NULL),
  ('op_rep_fin013','fin013','2025-02-21','full_repayment',18367752.03,220990.43,546761.6,17600000,0,'debtor',NULL),
  ('op_iss_fin014','fin014','2024-12-23','issue',14025000,0,0,0,14025000,'factor',NULL),
  ('op_rep_fin014','fin014','2025-01-30','full_repayment',14406252.52,107933.32,273319.2,14025000,0,'debtor',NULL),
  ('op_iss_fin015','fin015','2024-12-24','issue',8820000,0,0,0,8820000,'factor',NULL),
  ('op_rep_fin015','fin015','2025-02-09','full_repayment',9052295.76,69960.72,162335.04,8820000,0,'debtor',NULL),
  ('op_iss_fin016','fin016','2024-12-27','issue',6120000,0,0,0,6120000,'factor',NULL),
  ('op_rep_fin016','fin016','2025-01-27','full_repayment',6274195.83,34929.27,119266.56,6120000,0,'debtor',NULL),
  ('op_iss_fin017','fin017','2024-12-29','issue',27900000,0,0,0,27900000,'factor',NULL),
  ('op_rep_fin017','fin017','2025-03-01','full_repayment',28962370.16,291933.36,770436.8,27900000,0,'debtor',NULL),
  ('op_iss_fin018','fin018','2024-12-31','issue',17100000,0,0,0,17100000,'factor',NULL),
  ('op_rep_fin018','fin018','2025-02-05','full_repayment',17562070.43,147339.23,314731.2,17100000,0,'debtor',NULL),
  ('op_iss_fin019','fin019','2025-01-01','issue',9775000,0,0,0,9775000,'factor',NULL),
  ('op_rep_fin019','fin019','2025-02-23','full_repayment',10060877.77,95382.57,190495.2,9775000,0,'debtor',NULL),
  ('op_iss_fin020','fin020','2025-01-04','issue',21600000,0,0,0,21600000,'factor',NULL),
  ('op_rep_fin020','fin020','2025-02-06','full_repayment',22117852.41,120297.21,397555.2,21600000,0,'debtor',NULL),
  ('op_iss_fin021','fin021','2025-01-06','issue',40800000,0,0,0,40800000,'factor',NULL),
  ('op_rep_fin021','fin021','2025-03-16','full_repayment',42424855.5,431921.1,1192934.4,40800000,0,'debtor',NULL),
  ('op_iss_fin022','fin022','2025-01-08','issue',10800000,0,0,0,10800000,'factor',NULL),
  ('op_rep_fin022','fin022','2025-02-07','full_repayment',11089241.46,65616.66,223624.8,10800000,0,'debtor',NULL),
  ('op_iss_fin023','fin023','2025-01-10','issue',22950000,0,0,0,22950000,'factor',NULL),
  ('op_rep_fin023','fin023','2025-02-24','full_repayment',23606402.7,209153.1,447249.6,22950000,0,'debtor',NULL),
  ('op_iss_fin024','fin024','2025-01-13','issue',7650000,0,0,0,7650000,'factor',NULL),
  ('op_rep_fin024','fin024','2025-02-21','full_repayment',7841152.47,50351.67,140800.8,7650000,0,'debtor',NULL),
  ('op_iss_fin025','fin025','2025-01-16','issue',29700000,0,0,0,29700000,'factor',NULL),
  ('op_rep_fin025','fin025','2025-03-22','full_repayment',30845947.33,325804.93,820142.4,29700000,0,'debtor',NULL),
  ('op_iss_fin026','fin026','2025-01-18','issue',12000000,0,0,0,12000000,'factor',NULL),
  ('op_rep_fin026','fin026','2025-02-24','full_repayment',12113080.11,113080.11,0,12000000,0,'debtor',NULL),
  ('op_iss_fin027','fin027','2025-01-20','issue',16575000,0,0,0,16575000,'factor',NULL),
  ('op_rep_fin027','fin027','2025-03-08','full_repayment',17041439.57,143425.97,323013.6,16575000,0,'debtor',NULL),
  ('op_iss_fin028','fin028','2025-01-22','issue',9180000,0,0,0,9180000,'factor',NULL),
  ('op_rep_fin028','fin028','2025-03-02','full_repayment',9434650.35,85689.39,168960.96,9180000,0,'debtor',NULL),
  ('op_iss_fin029','fin029','2025-01-23','issue',5780000,0,0,0,5780000,'factor',NULL),
  ('op_rep_fin029','fin029','2025-03-24','full_repayment',5904505.95,124505.95,0,5780000,0,'debtor',NULL),
  ('op_iss_fin030','fin030','2025-01-26','issue',3600000,0,0,0,3600000,'factor',NULL),
  ('op_rep_fin030','fin030','2025-03-01','full_repayment',3625164.1,25164.1,0,3600000,0,'debtor',NULL),
  ('op_iss_fin031','fin031','2025-01-28','issue',17850000,0,0,0,17850000,'factor',NULL),
  ('op_rep_fin031','fin031','2025-03-21','full_repayment',18368751.32,170890.52,347860.8,17850000,0,'debtor',NULL),
  ('op_iss_fin032','fin032','2025-01-30','issue',11070000,0,0,0,11070000,'factor',NULL),
  ('op_rep_fin032','fin032','2025-03-03','full_repayment',11333531.11,59784.07,203747.04,11070000,0,'debtor',NULL),
  ('op_iss_fin033','fin033','2025-02-01','issue',23800000,0,0,0,23800000,'factor',NULL),
  ('op_rep_fin033','fin033','2025-04-06','full_repayment',24776314.12,280435.72,695878.4,23800000,0,'debtor',NULL),
  ('op_iss_fin034','fin034','2025-02-04','issue',19800000,0,0,0,19800000,'factor',NULL),
  ('op_rep_fin034','fin034','2025-03-08','full_repayment',20271356.45,106930.85,364425.6,19800000,0,'debtor',NULL),
  ('op_iss_fin035','fin035','2025-02-06','issue',50250000,0,0,0,50250000,'factor',NULL),
  ('op_rep_fin035','fin035','2025-05-11','full_repayment',53267605.1,797171.5,2220433.6,50250000,0,'debtor',NULL),
  ('op_iss_fin036','fin036','2025-02-08','issue',13175000,0,0,0,13175000,'factor',NULL),
  ('op_rep_fin036','fin036','2025-03-12','full_repayment',13496438.23,64683.83,256754.4,13175000,0,'debtor',NULL),
  ('op_iss_fin037','fin037','2025-02-11','issue',7440000,0,0,0,7440000,'factor',NULL),
  ('op_rep_fin037','fin037','2025-04-15','full_repayment',7631289.12,191289.12,0,7440000,0,'debtor',NULL),
  ('op_iss_fin038','fin038','2025-02-13','issue',15895000,0,0,0,15895000,'factor',NULL),
  ('op_rep_fin038','fin038','2025-04-02','full_repayment',16359276.84,154515.08,309761.76,15895000,0,'debtor',NULL),
  ('op_iss_fin039','fin039','2025-02-15','issue',10080000,0,0,0,10080000,'factor',NULL),
  ('op_rep_fin039','fin039','2025-03-17','full_repayment',10316560.93,51035.17,185525.76,10080000,0,'debtor',NULL),
  ('op_iss_fin040','fin040','2025-02-18','issue',12580000,0,0,0,12580000,'factor',NULL),
  ('op_rep_fin040','fin040','2025-04-25','full_repayment',13100683.95,152862.51,367821.44,12580000,0,'debtor',NULL),
  ('op_iss_fin041','fin041','2025-02-20','issue',6840000,0,0,0,6840000,'factor',NULL),
  ('op_rep_fin041','fin041','2025-03-28','full_repayment',7015761.14,49868.66,125892.48,6840000,0,'debtor',NULL),
  ('op_iss_fin042','fin042','2025-02-22','issue',21250000,0,0,0,21250000,'factor',NULL),
  ('op_rep_fin042','fin042','2025-04-08','full_repayment',21840174.79,176054.79,414120,21250000,0,'debtor',NULL),
  ('op_iss_fin043','fin043','2025-02-25','issue',28800000,0,0,0,28800000,'factor',NULL),
  ('op_rep_fin043','fin043','2025-03-31','full_repayment',29564437.74,234364.14,530073.6,28800000,0,'debtor',NULL),
  ('op_iss_fin044','fin044','2025-03-02','issue',25650000,0,0,0,25650000,'factor',NULL),
  ('op_rep_fin044','fin044','2025-05-10','full_repayment',26656997.3,298692.5,708304.8,25650000,0,'debtor',NULL),
  ('op_iss_fin045','fin045','2025-03-04','issue',13600000,0,0,0,13600000,'factor',NULL),
  ('op_rep_fin045','fin045','2025-04-05','full_repayment',13969738.54,88136.94,281601.6,13600000,0,'debtor',NULL),
  ('op_iss_fin046','fin046','2025-03-06','issue',20400000,0,0,0,20400000,'factor',NULL),
  ('op_rep_fin046','fin046','2025-04-26','full_repayment',21008257.57,210702.37,397555.2,20400000,0,'debtor',NULL),
  ('op_iss_fin047','fin047','2025-03-08','issue',33600000,0,0,0,33600000,'factor',NULL),
  ('op_rep_fin047','fin047','2025-04-15','full_repayment',34511203.46,215481.86,695721.6,33600000,0,'debtor',NULL),
  ('op_iss_fin048','fin048','2025-03-11','issue',7565000,0,0,0,7565000,'factor',NULL),
  ('op_rep_fin048','fin048','2025-05-11','full_repayment',7678280.17,113280.17,0,7565000,0,'debtor',NULL),
  ('op_iss_fin049','fin049','2025-03-13','issue',12060000,0,0,0,12060000,'factor',NULL),
  ('op_rep_fin049','fin049','2025-04-12','full_repayment',12348579.17,66610.85,221968.32,12060000,0,'debtor',NULL),
  ('op_iss_fin050','fin050','2025-03-16','issue',9900000,0,0,0,9900000,'factor',NULL),
  ('op_rep_fin050','fin050','2025-05-07','full_repayment',10169094.11,86881.31,182212.8,9900000,0,'debtor',NULL),
  ('op_iss_fin051','fin051','2025-03-18','issue',5360000,0,0,0,5360000,'factor',NULL),
  ('op_rep_fin051','fin051','2025-04-25','full_repayment',5411874.22,51874.22,0,5360000,0,'debtor',NULL),
  ('op_iss_fin052','fin052','2025-03-21','issue',26775000,0,0,0,26775000,'factor',NULL),
  ('op_rep_fin052','fin052','2025-05-22','full_repayment',27863494.32,305631.12,782863.2,26775000,0,'debtor',NULL),
  ('op_iss_fin053','fin053','2025-03-26','issue',18000000,0,0,0,18000000,'factor',NULL),
  ('op_rep_fin053','fin053','2025-04-30','full_repayment',18437619.29,106323.29,331296,18000000,0,'debtor',NULL),
  ('op_iss_fin054','fin054','2025-04-02','issue',7820000,0,0,0,7820000,'factor',NULL),
  ('op_rep_fin054','fin054','2025-05-11','full_repayment',8028545.9,56149.74,152396.16,7820000,0,'debtor',NULL),
  ('op_iss_fin055','fin055','2025-04-04','issue',6630000,0,0,0,6630000,'factor',NULL),
  ('op_rep_fin055','fin055','2025-06-09','full_repayment',6787097.21,157097.21,0,6630000,0,'debtor',NULL),
  ('op_iss_fin056','fin056','2025-04-08','issue',31500000,0,0,0,31500000,'factor',NULL),
  ('op_rep_fin056','fin056','2025-05-23','full_repayment',32318995.4,239227.4,579768,31500000,0,'debtor',NULL),
  ('op_iss_fin057','fin057','2025-04-10','issue',24300000,0,0,0,24300000,'factor',NULL),
  ('op_rep_fin057','fin057','2025-05-15','full_repayment',24950810.36,203560.76,447249.6,24300000,0,'debtor',NULL),
  ('op_iss_fin058','fin058','2025-04-13','issue',4675000,0,0,0,4675000,'factor',NULL),
  ('op_rep_fin058','fin058','2025-06-16','full_repayment',4759189.15,84189.15,0,4675000,0,'debtor',NULL),
  ('op_iss_fin059','fin059','2025-04-15','issue',17820000,0,0,0,17820000,'factor',NULL),
  ('op_rep_fin059','fin059','2025-05-22','full_repayment',18259257.95,111274.91,327983.04,17820000,0,'debtor',NULL),
  ('op_iss_fin060','fin060','2025-04-17','issue',44200000,0,0,0,44200000,'factor',NULL),
  ('op_rep_fin060','fin060','2025-06-01','full_repayment',45366531.24,305161.64,861369.6,44200000,0,'debtor',NULL),
  ('op_iss_fin061','fin061','2025-04-19','issue',12960000,0,0,0,12960000,'factor',NULL),
  ('op_rep_fin061','fin061','2025-05-19','full_repayment',13307089.75,78739.99,268349.76,12960000,0,'debtor',NULL),
  ('op_iss_fin062','fin062','2025-04-22','issue',19125000,0,0,0,19125000,'factor',NULL),
  ('op_rep_fin062','fin062','2025-06-28','full_repayment',19920101.43,235913.43,559188,19125000,0,'debtor',NULL),
  ('op_iss_fin063','fin063','2025-04-25','issue',26350000,0,0,0,26350000,'factor',NULL),
  ('op_rep_fin063','fin063','2025-05-31','full_repayment',27055619.79,192110.99,513508.8,26350000,0,'debtor',NULL),
  ('op_iss_fin064','fin064','2025-05-02','issue',13050000,0,0,0,13050000,'factor',NULL),
  ('op_rep_fin064','fin064','2025-06-06','full_repayment',13360266.31,70076.71,240189.6,13050000,0,'debtor',NULL),
  ('op_iss_fin065','fin065','2025-05-06','issue',34200000,0,0,0,34200000,'factor',NULL),
  ('op_rep_fin065','fin065','2025-07-09','full_repayment',35513803.88,369397.48,944406.4,34200000,0,'debtor',NULL),
  ('op_iss_fin066','fin066','2025-05-09','issue',20400000,0,0,0,20400000,'factor',NULL),
  ('op_rep_fin066','fin066','2025-06-12','full_repayment',20925253.61,127698.41,397555.2,20400000,0,'debtor',NULL),
  ('op_iss_fin067','fin067','2025-05-13','issue',26100000,0,0,0,26100000,'factor',NULL),
  ('op_rep_fin067','fin067','2025-07-05','full_repayment',26813834.77,233455.57,480379.2,26100000,0,'debtor',NULL),
  ('op_iss_fin068','fin068','2025-05-16','issue',11250000,0,0,0,11250000,'factor',NULL),
  ('op_rep_fin068','fin068','2025-06-17','full_repayment',11517816.17,60756.17,207060,11250000,0,'debtor',NULL),
  ('op_iss_fin069','fin069','2025-05-19','issue',36550000,0,0,0,36550000,'factor',NULL),
  ('op_rep_fin069','fin069','2025-07-18','full_repayment',38022422.73,403752.33,1068670.4,36550000,0,'debtor',NULL),
  ('op_iss_fin070','fin070','2025-05-22','issue',16200000,0,0,0,16200000,'factor',NULL),
  ('op_rep_fin070','fin070','2025-06-24','full_repayment',16588389.3,90222.9,298166.4,16200000,0,'debtor',NULL),
  ('op_iss_fin071','fin071','2025-05-25','issue',18700000,0,0,0,18700000,'factor',NULL),
  ('op_rep_fin071','fin071','2025-07-14','full_repayment',19253782.31,189356.71,364425.6,18700000,0,'debtor',NULL),
  ('op_iss_fin072','fin072','2025-05-28','issue',8800000,0,0,0,8800000,'factor',NULL),
  ('op_rep_fin072','fin072','2025-07-05','full_repayment',8885166.64,85166.64,0,8800000,0,'debtor',NULL),
  ('op_iss_fin073','fin073','2025-06-02','issue',14220000,0,0,0,14220000,'factor',NULL),
  ('op_rep_fin073','fin073','2025-07-09','full_repayment',14607651.49,125927.65,261723.84,14220000,0,'debtor',NULL),
  ('op_iss_fin074','fin074','2025-06-05','issue',51850000,0,0,0,51850000,'factor',NULL),
  ('op_rep_fin074','fin074','2025-08-06','full_repayment',53859235.04,493214.24,1516020.8,51850000,0,'debtor',NULL),
  ('op_iss_fin075','fin075','2025-06-08','issue',39600000,0,0,0,39600000,'factor',NULL),
  ('op_rep_fin075','fin075','2025-07-31','full_repayment',40683059.63,354208.43,728851.2,39600000,0,'debtor',NULL),
  ('op_iss_fin076','fin076','2025-06-11','issue',14025000,0,0,0,14025000,'factor',NULL),
  ('op_rep_fin076','fin076','2025-07-17','full_repayment',14391276.13,92956.93,273319.2,14025000,0,'debtor',NULL),
  ('op_iss_fin077','fin077','2025-06-14','issue',8730000,0,0,0,8730000,'factor',NULL),
  ('op_rep_fin077','fin077','2025-08-18','full_repayment',9085992.45,114920.29,241072.16,8730000,0,'debtor',NULL),
  ('op_iss_fin078','fin078','2025-06-17','issue',6970000,0,0,0,6970000,'factor',NULL),
  ('op_rep_fin078','fin078','2025-07-22','full_repayment',7150744.89,44913.53,135831.36,6970000,0,'debtor',NULL),
  ('op_iss_fin079','fin079','2025-06-20','issue',15600000,0,0,0,15600000,'factor',NULL),
  ('op_rep_fin079','fin079','2025-07-20','full_repayment',16017793.22,94779.62,323013.6,15600000,0,'debtor',NULL);

-- ПЛАТЁЖНЫЕ ПОРУЧЕНИЯ
INSERT OR IGNORE INTO payments(id,payment_date,direction,payment_type,amount,status,purpose) VALUES
  ('pmt_out_001','2024-12-01','outgoing','financing_issue',6274618,'executed','Выдача финансирования F-0005'),
  ('pmt_out_002','2025-01-05','outgoing','financing_issue',10000000,'executed','Выдача финансирования F-0006'),
  ('pmt_out_003','2025-02-03','outgoing','financing_issue',4500000,'executed','Выдача финансирования F-0007'),
  ('pmt_out_004','2025-03-01','outgoing','financing_issue',19000000,'executed','Выдача финансирования F-0008'),
  ('pmt_out_005','2025-04-01','outgoing','financing_issue',24000000,'executed','Выдача финансирования F-0009'),
  ('pmt_out_006','2025-05-01','outgoing','financing_issue',18000000,'executed','Выдача финансирования F-0010'),
  ('pmt_out_007','2025-06-01','outgoing','financing_issue',32000000,'executed','Выдача финансирования F-0011'),
  ('pmt_out_008','2025-07-01','outgoing','financing_issue',14000000,'executed','Выдача финансирования F-0012'),
  ('pmt_out_009','2025-09-01','outgoing','financing_issue',27500000,'executed','Выдача финансирования F-0013'),
  ('pmt_out_010','2025-10-01','outgoing','financing_issue',36000000,'executed','Выдача финансирования F-0014'),
  ('pmt_out_011','2025-11-01','outgoing','financing_issue',22000000,'executed','Выдача финансирования F-0015'),
  ('pmt_out_012','2025-12-01','outgoing','financing_issue',47000000,'executed','Выдача финансирования F-0016'),
  ('pmt_out_013','2026-01-05','outgoing','financing_issue',39000000,'executed','Выдача финансирования F-0017'),
  ('pmt_out_014','2026-02-02','outgoing','financing_issue',43000000,'executed','Выдача финансирования F-0018'),
  ('pmt_out_015','2026-03-01','outgoing','financing_issue',36000000,'executed','Выдача финансирования F-0019'),
  ('pmt_in_001','2025-01-31','incoming','debtor_payment',28000000,'executed','Гашение по договору факторинга от дебитора'),
  ('pmt_in_002','2025-02-28','incoming','debtor_payment',12500000,'executed','Гашение по договору факторинга от дебитора'),
  ('pmt_in_003','2025-03-31','incoming','debtor_payment',21000000,'executed','Гашение по договору факторинга от дебитора'),
  ('pmt_in_004','2025-04-30','incoming','debtor_payment',38000000,'executed','Гашение по договору факторинга от дебитора'),
  ('pmt_in_005','2025-05-31','incoming','debtor_payment',26000000,'executed','Гашение по договору факторинга от дебитора'),
  ('pmt_in_006','2025-06-30','incoming','debtor_payment',15000000,'executed','Гашение по договору факторинга от дебитора'),
  ('pmt_in_007','2025-07-31','incoming','debtor_payment',44000000,'executed','Гашение по договору факторинга от дебитора'),
  ('pmt_in_008','2025-08-31','incoming','debtor_payment',19000000,'executed','Гашение по договору факторинга от дебитора'),
  ('pmt_in_009','2025-09-30','incoming','debtor_payment',32000000,'executed','Гашение по договору факторинга от дебитора'),
  ('pmt_in_010','2025-10-31','incoming','debtor_payment',51000000,'executed','Гашение по договору факторинга от дебитора'),
  ('pmt_in_011','2025-11-30','incoming','debtor_payment',28000000,'executed','Гашение по договору факторинга от дебитора'),
  ('pmt_in_012','2025-12-31','incoming','debtor_payment',47000000,'executed','Гашение по договору факторинга от дебитора'),
  ('pmt_in_013','2026-01-31','incoming','debtor_payment',41000000,'executed','Гашение по договору факторинга от дебитора'),
  ('pmt_in_014','2026-02-28','incoming','debtor_payment',37000000,'executed','Гашение по договору факторинга от дебитора');

-- ПЕРИОДЫ НАЧИСЛЕНИЯ КОМИССИЙ (последние 6 месяцев)
INSERT OR IGNORE INTO commission_periods(id,financing_id,period_date,days,od_amount,k1_net,k1_vat,k1_gross,k2_net,k2_vat,k2_gross,vat_rate,total_gross,cumulative_days) VALUES
  ('cp_demo01_0','fin_demo_01','2025-10-31',30,6274618,28364.71,3403.77,31768.48,195966.78,23516.01,219482.79,0.12,251251.27,0),
  ('cp_demo01_1','fin_demo_01','2025-11-30',30,6274618,28364.71,3403.77,31768.48,0,0,0,0.12,31768.48,30),
  ('cp_demo01_2','fin_demo_01','2025-12-31',30,6274618,28364.71,3403.77,31768.48,0,0,0,0.12,31768.48,60),
  ('cp_demo01_3','fin_demo_01','2026-01-31',30,6274618,28364.71,4538.35,32903.06,0,0,0,0.16,32903.06,90),
  ('cp_demo01_4','fin_demo_01','2026-02-28',30,6274618,28364.71,4538.35,32903.06,0,0,0,0.16,32903.06,120),
  ('cp_demo01_5','fin_demo_01','2026-03-21',30,6274618,28364.71,4538.35,32903.06,0,0,0,0.16,32903.06,150);

-- Seed v2.0 complete